Name,Et_eV,Sn_cm2,Sp_cm2,k,logSn,logSp,logk,bandgap,actual,predicted
D-027,-0.16605876013869947,3.750793463856065e-13,1.676854089051094e-15,223.68037197431894,-12.425876849466222,-14.775504725752214,2.349627876285991,0,-0.16605876013869947,-0.0863635049126874
D-083,-0.06718750308998511,1.821848603667353e-14,2.8999398874966055e-14,0.6282366788092554,-13.73948771590513,-13.537611004445559,-0.20187671145957037,0,-0.06718750308998511,-0.12490616328063242
D-013,-0.2381091112817782,3.6227764472786005e-14,1.342191305878169e-14,2.699150584132483,-13.440958464394605,-13.872185578678247,0.43122711428364163,0,-0.2381091112817782,-0.22707065349719283
D-099,-0.005393042530537184,5.063782297574156e-13,5.306966151511064e-15,95.41764829482348,-12.29552497380322,-14.2751536823459,1.9796287085426807,0,-0.005393042530537184,-0.03651131645654904
D-003,-0.19637813076511768,1.7993692216650795e-14,7.900779609827047e-14,0.2277457808628165,-13.74487971243043,-13.10233005256517,-0.6425496598652596,0,-0.19637813076511768,-0.12490616328063242
D-055,-0.06838786890805565,4.168440156376577e-14,1.9268822342776681e-13,0.21633082096162476,-13.380026429009693,-12.71514482741318,-0.6648816015965135,0,-0.06838786890805565,-0.17515597253321025
