Name,Et_eV,Sn_cm2,Sp_cm2,k,logSn,logSp,logk,bandgap,actual,predicted
D-068,-0.10982142346771478,7.918140251217223e-14,5.095411053042608e-13,0.15539747762820993,-13.10137681001116,-12.292820775177212,-0.8085560348339478,0,-0.10982142346771478,-0.16653627803250778
D-015,-0.24746697779101262,2.7369549240073494e-15,6.824353401401031e-14,0.040105703251614375,-14.562732355098492,-13.165938491174607,-1.3967938639238842,0,-0.24746697779101262,-0.28035037966170695
D-055,-0.06838786890805565,4.168440156376577e-14,1.9268822342776681e-13,0.21633082096162476,-13.380026429009693,-12.71514482741318,-0.6648816015965135,0,-0.06838786890805565,-0.18510451271148592
D-065,-0.21738734299530826,1.3555054128836004e-15,1.01914223148006e-14,0.13300453764093884,-14.867898743829873,-13.991765201630072,-0.876133542199801,0,-0.21738734299530826,-0.25965465479338534
D-035,-0.13907340722751094,5.737888988175006e-13,9.06494249197909e-15,63.297577378478096,-12.241247858371198,-14.04263494672516,1.8013870883539613,0,-0.13907340722751094,-0.07383321141301721
D-091,-0.008810887017496327,2.400713913265129e-15,3.048103101130966e-14,0.07876091567815963,-14.619659590585636,-13.515970347209413,-1.1036892433762222,0,-0.008810887017496327,-0.1267130096945062
