Name,Et_eV,Sn_cm2,Sp_cm2,k,logSn,logSp,logk,bandgap,actual,predicted
D-021,0.05527488257094393,6.419154571816844e-14,7.142474306153293e-13,0.08987298094004617,-13.192522166475113,-12.146151313243562,-1.04637085323155,1,0.05527488257094393,0.06836964554455405
D-023,0.3750531245147303,1.7224491503130813e-14,7.213237224525194e-14,0.23879003236670346,-13.763853590357582,-13.141869784764303,-0.6219838055932793,1,0.3750531245147303,0.3270048866214793
D-047,0.31754077534870806,3.4081002605477924e-15,2.0925632873565166e-14,0.16286724904044173,-14.467487637507984,-13.679321398360235,-0.7881662391477497,1,0.31754077534870806,0.263988461578768
D-072,0.42505099176331496,1.7735087846367225e-13,5.351826600613228e-14,3.3138382780068185,-12.751166656016506,-13.271497966170127,0.5203313101536204,1,0.42505099176331496,0.39988395164949986
D-086,0.1442836585699918,9.285245849443047e-15,1.8390346204377522e-13,0.050489782771097835,-14.032206592770407,-12.73541009494705,-1.2967964978233584,1,0.1442836585699918,0.04962843178340104
