Name,Et_eV,Sn_cm2,Sp_cm2,k,logSn,logSp,logk,bandgap,actual,predicted
D-023,0.3750531245147303,1.7224491503130813e-14,7.213237224525194e-14,0.23879003236670346,-13.763853590357582,-13.141869784764303,-0.6219838055932793,1,0.3750531245147303,0.3298095151013439
D-058,0.43588667579718343,1.7122965617110528e-15,1.2458099719631764e-13,0.013744444178856395,-14.76642101538278,-12.904548197180574,-1.8618728182022077,1,0.43588667579718343,0.41860642067356
D-073,0.4341953265785905,3.4826213359843642e-15,4.684639819090239e-14,0.0743412827981446,-14.458093743638964,-13.329323794444257,-1.1287699491947059,1,0.4341953265785905,0.4284444398961265
D-010,0.06732037203473273,4.7602394220165896e-14,8.785824239684214e-13,0.054180908838527886,-13.322371203362339,-12.056217489040057,-1.2661537143222825,1,0.06732037203473273,0.11211096527623537
D-033,0.02229448953012958,4.3223233596948065e-13,1.5861675134259648e-14,27.250106455395848,-12.364282745995586,-13.799650949228457,1.4353682032328696,1,0.02229448953012958,0.0895987271441059
