Name,Et_eV,Sn_cm2,Sp_cm2,k,logSn,logSp,logk,bandgap,actual,predicted
D-061,0.43149896431108425,1.2881981442810774e-13,4.400725719564608e-14,2.9272402471120764,-12.890017330804287,-13.356475698510813,0.466458367706525,1,0.43149896431108425,0.5255452064772542
D-016,0.1865807680949818,1.0259701746136248e-15,5.633269455115685e-14,0.018212694826481638,-14.988865264164744,-13.249239474741739,-1.7396257894230054,1,0.1865807680949818,0.1530189079704921
D-081,0.16224302409607727,1.5534061851726927e-15,8.335898589339997e-15,0.1863513775418524,-14.808714969954613,-14.079047577436818,-0.7296673925177946,1,0.16224302409607727,0.15186782361627948
D-082,0.19998199911240488,3.814828974914959e-15,5.486106319117048e-15,0.6953618382534246,-14.418524927411752,-14.260735780151387,-0.1577891472603642,1,0.19998199911240488,0.1661201644185858
D-014,0.036850532930904345,4.812992025422211e-13,2.0057804274720027e-13,2.3995607692155487,-12.317584857898373,-12.697716610875208,0.3801317529768346,1,0.036850532930904345,0.11000511717232808
