Name,Et_eV,Sn_cm2,Sp_cm2,k,logSn,logSp,logk,bandgap,actual,predicted
D-043,0.39988395164949986,3.0911858175531615e-14,1.6683141595881437e-14,1.8528799265938507,-13.509874887815238,-13.777722164172808,0.26784727635756844,1,0.39988395164949986,0.4948104037128358
D-048,0.24812280481260873,8.331351967438866e-15,3.673112987463485e-15,2.2681992075588684,-14.07928451787822,-14.434965712254435,0.3556811943762144,1,0.24812280481260873,0.23597789855414356
D-073,0.4341953265785905,3.4826213359843642e-15,4.684639819090239e-14,0.0743412827981446,-14.458093743638964,-13.329323794444257,-1.1287699491947059,1,0.4341953265785905,0.46602859083997444
D-080,0.18535662163122713,1.0693206833087201e-15,7.926433239031318e-14,0.013490565694077566,-14.970892032765,-13.100922193902086,-1.8699698388629133,1,0.18535662163122713,0.2034140164058928
D-081,0.16224302409607727,1.5534061851726927e-15,8.335898589339997e-15,0.1863513775418524,-14.808714969954613,-14.079047577436818,-0.7296673925177946,1,0.16224302409607727,0.18794742065509729
