Name,Et_eV,Sn_cm2,Sp_cm2,k,logSn,logSp,logk,bandgap,actual,predicted
D-046,-0.26167392863758276,4.683621993497745e-13,1.4008961285833232e-13,3.343304259277329,-12.32941816329281,-12.85359406489656,0.5241759016037494,0,-0.26167392863758276,-0.172436068144596
D-006,-0.15069786041265343,1.7695647447554027e-13,7.928067769748262e-13,0.22320252502225912,-12.752133542788771,-12.100832646123447,-0.6513008966653234,0,-0.15069786041265343,-0.11394340135658709
D-069,-0.05864998167907559,2.76744889586865e-15,7.369861925212596e-14,0.037550892051329963,-14.557920390123012,-13.132540648596848,-1.4253797415261646,0,-0.05864998167907559,-0.045149159244372246
D-090,-0.3354019528088059,1.4092167931235128e-13,1.2599347056802987e-15,111.84839871226578,-12.851022190130719,-14.899651960991575,2.048629770860856,0,-0.3354019528088059,-0.038122903822878966
D-055,-0.06838786890805565,4.168440156376577e-14,1.9268822342776681e-13,0.21633082096162476,-13.380026429009693,-12.71514482741318,-0.6648816015965135,0,-0.06838786890805565,-0.1098242226308471
D-099,-0.005393042530537184,5.063782297574156e-13,5.306966151511064e-15,95.41764829482348,-12.29552497380322,-14.2751536823459,1.9796287085426807,0,-0.005393042530537184,-0.17538819296366162
