Name,Et_eV,Sn_cm2,Sp_cm2,k,logSn,logSp,logk,bandgap,actual,predicted
D-092,-0.34488009197199787,1.4877224124848142e-13,1.9600551213812377e-15,75.90207011302958,-12.827478094309143,-14.707731715084803,1.8802536207756595,0,-0.34488009197199787,-0.3088410337739647
D-052,-0.3343136877276003,2.846737501989398e-14,8.889271054774791e-14,0.32024420050284086,-13.545652577353712,-13.051133850938522,-0.49451872641518907,0,-0.3343136877276003,-0.39733535008096954
D-028,-0.19120095676802507,2.6133066878471174e-15,9.254165076784504e-14,0.028239248664398683,-14.58280962011429,-13.033662757775696,-1.5491468623385931,0,-0.19120095676802507,-0.12477687411040062
D-065,-0.21738734299530826,1.3555054128836004e-15,1.01914223148006e-14,0.13300453764093884,-14.867898743829873,-13.991765201630072,-0.876133542199801,0,-0.21738734299530826,-0.1581613330941204
D-015,-0.24746697779101262,2.7369549240073494e-15,6.824353401401031e-14,0.040105703251614375,-14.562732355098492,-13.165938491174607,-1.3967938639238842,0,-0.24746697779101262,-0.21651739903456313
D-054,-0.2626138203456055,1.6501413737782278e-15,2.9655548353678015e-14,0.055643596742785226,-14.78247884656088,-13.527894041120623,-1.2545848054402557,0,-0.2626138203456055,-0.24478868409062204
