Name,Et_eV,Sn_cm2,Sp_cm2,k,logSn,logSp,logk,bandgap,actual,predicted
D-043,0.39988395164949986,3.0911858175531615e-14,1.6683141595881437e-14,1.8528799265938507,-13.509874887815238,-13.777722164172808,0.26784727635756844,1,0.39988395164949986,0.3855645981919537
D-082,0.19998199911240488,3.814828974914959e-15,5.486106319117048e-15,0.6953618382534246,-14.418524927411752,-14.260735780151387,-0.1577891472603642,1,0.19998199911240488,0.17155789456210593
D-040,0.17674567656306073,2.6054824956096453e-13,5.4555258844247926e-14,4.775859469475061,-12.584111840204255,-13.26316337932024,0.6790515391159851,1,0.17674567656306073,0.040074692496464503
D-072,0.42505099176331496,1.7735087846367225e-13,5.351826600613228e-14,3.3138382780068185,-12.751166656016506,-13.271497966170127,0.5203313101536204,1,0.42505099176331496,0.4018910065399202
D-080,0.18535662163122713,1.0693206833087201e-15,7.926433239031318e-14,0.013490565694077566,-14.970892032765,-13.100922193902086,-1.8699698388629133,1,0.18535662163122713,0.18658230363560718
