Name,Et_eV,Sn_cm2,Sp_cm2,k,logSn,logSp,logk,bandgap,actual,predicted
D-051,-0.24690466337290262,2.665594873093106e-14,2.9492332507370542e-15,9.038264004472813,-13.574205855578496,-14.530290878346106,0.9560850227676103,0,-0.24690466337290262,-0.17745683148106037
D-026,-0.0863635049126874,2.255710479971119e-14,2.316148257180979e-15,9.739059116693074,-13.646716642729368,-14.635233644765485,0.9885170020361169,0,-0.0863635049126874,-0.11842050979944316
D-017,-0.22300808691507268,9.254057562911245e-16,6.592295921473936e-13,0.0014037685311981839,-15.033667803390589,-12.180963305834808,-2.8527044975557803,0,-0.22300808691507268,-0.1792516465763346
D-063,-0.2034789602772924,1.08223394516263e-14,9.019633302904701e-14,0.11998646827627739,-13.96567884818424,-13.044811118529262,-0.9208677296549788,0,-0.2034789602772924,-0.15414600905404016
D-059,-0.03651131645654904,2.1727370289352012e-13,6.8188425942744875e-15,31.86372172250409,-12.662992834099823,-14.166289334665649,1.5032965005658259,0,-0.03651131645654904,-0.1332838248259459
D-099,-0.005393042530537184,5.063782297574156e-13,5.306966151511064e-15,95.41764829482348,-12.29552497380322,-14.2751536823459,1.9796287085426807,0,-0.005393042530537184,-0.14029793485689365
